Feedback,Sentiment
"ğŸ‘€ Samsung Galaxy S24 Ultra Cell Phone, 512GB AI Smartphone

ğŸ’° At only 1,069.99$ instead of 1,419.99$ (-25%)

ğŸ” https://t.co/vBs4P1lVmv

â­ 3599 Reviews: 4.5 / 5.0
ğŸšš Sold and shipped by Amazon",Neutral
"Big congrats to @codiplay_global for achieving the EdTech Impact Recommended Certification, as well as gaining more than 20 reviews ğŸ‰

CodiPlay helps children to learn the basics of programming using a smartphoneğŸ§ 
https://t.co/Ya2DpwrYka

#EdTechSuccess #TeacherRecommended https://t.co/FigRlf8Fzn",Positive
"Exciting news for smartphone fans! The Xiaomi Redmi Note 14 Pro impresses as a feature-rich mid-ranger that could be your next best buy! Check out our in-depth review to see how it stacks up, despite some software hiccups. Donâ€™t miss it! Read more: https://t.co/Zn42ijjELt",Positive
"XuanPad Projector, 2024 Upgraded Mini Projector, Portable Video Projector HD 1080P Supported, 14000L
 ğŸ”¹ Offer price-Â£49.99
 ğŸ”¹ MRP-Â£89.99
 ğŸ”¹ Saving: -44%
 âœ¨ Reviews-4.4 out of 5 stars
 âœ¨ Category- #electronics

https://t.co/bArhsqSOBc #deal #loot",Neutral
"RT @BYeswanth51: ğŸ“Oppo Find X8 and Find X8 Pro Review: Are They Back in the Game?

#Reviews

Oppo is making waves in Indiaâ€™s ultra-premiumâ€¦",Negative
"ğŸ“Oppo Find X8 and Find X8 Pro Review: Are They Back in the Game?

#Reviews

Oppo is making waves in Indiaâ€™s ultra-premium smartphone market with the Find X8 and Find X8 Pro, priced at â‚¹69,999 and â‚¹99,999 respectively. After a four-year hiatus, these flagship smartphones aim toâ€¦ https://t.co/cdiYzxJZia https://t.co/z1EkRbec1Y",Negative
RT @techbharatco: @mrtechsense @broitstech Maine iska first video fire boltt dream ka dekha tha and tabhi se subscribe kar diya tha. He shoâ€¦,Positive
RT @techbharatco: @mrtechsense @broitstech Maine iska first video fire boltt dream ka dekha tha and tabhi se subscribe kar diya tha. He shoâ€¦,Positive
"@mrtechsense @broitstech Maine iska first video fire boltt dream ka dekha tha and tabhi se subscribe kar diya tha. He should start working on smartphone reviews, right now mostly focused on wearables only.",Positive
